Review Rating;Review Writer;Title;Date Published;Verify Status;Country;Aircraft;Route;Type Of Traveller;Seat type;Date Flown;Value For Money (rating out of five);Seat Comfort (rating out of five);Cabin Staff Service (rating out of five);Food & Beverages (rating out of five);inflight_entertainment (rating out of five);Wifi & Connectivity (rating out of five);Ground Service (rating out of five);Recommended
2;Vitaliy Kryvosheiev;"""rude and ignorant cabin staff""";2021-10-08;Not Verified;United States;n/a;Amsterdam to New York;Solo Leisure;Business Class;September 2021;2;4;1;2;2;n/a;3;no
4;Venkata Adapa;"""8000 rupees for additional baggage""";2021-10-05;Not Verified;United States;n/a;Delhi to Mexico via Amsterdam;Solo Leisure;Economy Class;September 2021;1;3;3;2;n/a;n/a;2;no
1;Mark Grimes;"""luggage was never loaded onto the flight""";2021-10-04;Trip Verified;United States;Boeing 777-200;Atlanta to Kuwait via Amsterdam;Business;Economy Class;October 2021;1;1;1;n/a;n/a;n/a;1;no
1;P Varmova;"""What happened with their customer service?""";2021-10-02;Trip Verified;United States;n/a;London to Saint-Petersburg;Solo Leisure;Economy Class;June 2021;1;3;1;n/a;n/a;n/a;1;no
5;N Birley;"""staff at the airport were terrible""";2021-09-30;Trip Verified;United States;n/a;Belgrade to Dublin via Amsterdam;Business;Economy Class;September 2021;3;2;5;4;n/a;1;1;yes
10;N Prokuski;"""Delightful experience!""";2021-09-27;Not Verified;United States;n/a;Chicago to Amsterdam;Couple Leisure;First Class;September 2021;5;5;5;5;4;4;5;yes
3;S Derzeny ;"""took my small Samsonite hand luggage from me""";2021-09-11;Trip Verified;United States;B737-800 and a smaller one;Budapest to Aberdeen via Amsterdam;Solo Leisure;Economy Class;September 2021;3;5;5;3;n/a;n/a;1;no
1;Fabiana Evans;"""worst flight of our lives""";2021-09-10;Trip Verified;United States;n/a;Atlanta to Amsterdã;Couple Leisure;Economy Class;September 2021;1;1;1;1;1;n/a;1;no
10;J Suta;"""experience was very positive""";2021-09-04;Not Verified;United States;n/a;Split to Bordeaux via Amsterdam;Solo Leisure;Economy Class;September 2021;5;5;5;5;n/a;n/a;5;yes
1;C Carter;"""seats were tiny""";2021-09-02;Trip Verified;United States;n/a;Amsterdam to Kiev;Solo Leisure;Economy Class;July 2021;1;1;2;1;2;1;2;no
1;Farah Abdul Hafeez;"""lied to by a KLM representative who I put my trust in""";2021-09-01;Trip Verified;United Arab Emirates;n/a;Dubai to Calgary via Amsterdam;Solo Leisure;Economy Class;August 2021;1;3;1;n/a;n/a;n/a;1;no
7;S Gorsey;"""it was a pleasant experience""";2021-08-31;Trip Verified;United Arab Emirates;E-195 / B737-800;London City to Moscow via Amsterdam;Solo Leisure;Economy Class;August 2021;2;5;4;2;n/a;n/a;4;yes
1;C Klemm;"""still trying to change a flight""";2021-08-28;Not Verified;United Arab Emirates;n/a;London to Amsterdam;Business;Economy Class;August 2021;1;n/a;n/a;n/a;n/a;n/a;n/a;no
8;Michel Perrin;"""check-in was extremely slow""";2021-08-24;Trip Verified;United Arab Emirates;E175;Stuttgart to Amsterdam;Couple Leisure;Economy Class;August 2021;2;4;4;3;n/a;n/a;1;yes
10;Pieter Verschuren;"""crew was professional and friendly""";2021-08-21;Trip Verified;United Arab Emirates;Boeing 787-10;New York JFK to Amsterdam;Family Leisure;Economy Class;August 2021;5;4;4;4;5;5;5;yes
1;D Paniccia;"""the whole catastrophe""";2021-08-20;Not Verified;United Arab Emirates;n/a;Manchester to Toronto via Amsterdam;Family Leisure;Economy Class;June 2021;1;3;4;3;3;1;1;no
1;Marie Echevarria;"""could not find any of our tickets""";2021-08-15;Not Verified;United Arab Emirates;n/a;Dubrovnik to Boston via Amsterdam;Family Leisure;Economy Class;August 2021;1;1;1;n/a;n/a;n/a;1;no
1;N Carl ;"""no way of getting in touch""";2021-08-10;Not Verified;United Arab Emirates;n/a;Stockholm to Faro via Amsterdam;Couple Leisure;Premium Economy;August 2021;2;2;2;n/a;n/a;n/a;2;no
1;Ivana Dobrikova;"""fighting to receive my refund""";2021-08-09;Trip Verified;United Arab Emirates;n/a;Delhi to Bucharest via Amsterdam;Solo Leisure;Economy Class;September 2020;1;n/a;n/a;n/a;n/a;n/a;n/a;no
2;Richard Clarke;"""no business class style of seat""";2021-07-29;Trip Verified;United Arab Emirates;Boeing 737-800;Amsterdam to London Heathrow;Solo Leisure;Business Class;July 2021;1;1;5;1;n/a;n/a;2;no
5;Richard Clarke;"""A tired old plane""";2021-07-28;Trip Verified;United Kingdom;A332;Dammam to Amsterdam;Solo Leisure;Business Class;July 2021;3;1;3;3;3;1;3;yes
1;C Badettil;"""The worst flight experience""";2021-07-22;Trip Verified;United Kingdom;n/a;Mumbai to Amsterdam;Solo Leisure;Economy Class;July 2021;1;3;1;1;1;2;1;no
1;J Steele;"""I would not fly with KLM againv""";2021-07-22;Trip Verified;United Kingdom;n/a;Bangkok to Dublin via Amsterdam;Solo Leisure;Economy Class;July 2021;1;2;3;1;2;n/a;3;no
1;J Deane;"""KLM could not care less and offered nothing""";2021-07-12;Trip Verified;United Kingdom;n/a;Amsterdam to New York City;Couple Leisure;Economy Class;July 2021;1;2;3;2;2;n/a;1;no
1;M Serin;"""never going use this company again""";2021-07-02;Trip Verified;United Kingdom;n/a;Cape Town to Kyiv via Amsterdam;Solo Leisure;Economy Class;June 2021;1;n/a;n/a;n/a;n/a;n/a;n/a;no
3;C Wajsberg;"""you show no respect to your most loyal customers""";2021-06-24;Trip Verified;United Kingdom;Boeing 737;Brussels to Tel Aviv via Amsterdam;Business;Economy Class;June 2021;2;2;3;1;n/a;n/a;2;no
1;M Flowers;"""Never flying this airline again""";2021-06-24;Not Verified;United Kingdom;n/a;Amsterdam to Atlanta;Couple Leisure;Economy Class;June 2021;2;2;4;2;4;1;1;no
1;Abed Krayem;""" never ever fly with them again. """;2021-06-16;Trip Verified;United Kingdom;n/a;Tel Aviv to Lima via Amsterdam;Solo Leisure;Economy Class;May 2021;1;n/a;n/a;n/a;n/a;n/a;n/a;no
4;Ariana Heylund;"""shocked at the unprofessionalism of the staff and airline""";2021-06-02;Not Verified;United Kingdom;n/a;Nairobi to Amsterdam via Canada;Family Leisure;Economy Class;July 2020;2;4;2;4;3;1;1;no
7;D Nilsson;"""Overall, it was ok, at best!""";2021-05-31;Trip Verified;United Kingdom;Boeing 777-300ER / Embraer 195 E2 ;Guarulhos to Gothenburg-Landvetter via Amsterdam;Couple Leisure;Economy Class;December 2020;4;2;5;5;2;n/a;5;yes
7;T Marden;"""KLM has certainly been a mixed bag""";2021-05-26;Trip Verified;United Kingdom;Boeing 777-300ER / 737-700;Seoul to Manchester via Amsterdam;Solo Leisure;Economy Class;May 2021;4;3;5;2;2;n/a;3;yes
2;Shailin Crary;"""I will never fly with KLM again""";2021-05-13;Trip Verified;United Kingdom;n/a;Stockholm to Atlanta via Amsterdam;Solo Leisure;Economy Class;May 2021;1;n/a;n/a;n/a;n/a;n/a;n/a;no
1;Sami Darwish;"""every time I was getting disconnected""";2021-05-09;Not Verified;United Kingdom;n/a;Sofia to Chicago via Amsterdam;Solo Leisure;Economy Class;May 2021;1;n/a;n/a;n/a;n/a;n/a;n/a;no
3;C Bolt;"""Poor communication, poor customer service, lack of information""";2021-04-21;Trip Verified;United Kingdom;n/a;Atlanta to Bahrain via Amsterdam;Business;Business Class;April 2021;1;5;5;5;3;n/a;1;no
1;Teodora Mechea;"""I begged for an answer once, twice, thrice""";2021-04-16;Trip Verified;United Kingdom;Embraer 190;Bucharest to Amsterdam via Stockholm;Solo Leisure;Economy Class;December 2020;1;1;1;n/a;n/a;n/a;1;no
1;Clare Barnaby-Smith;"""our booking had not been paid for""";2021-04-09;Trip Verified;United Kingdom;n/a;Denpasar to Singapore;Business;Economy Class;January 2021;1;1;1;n/a;n/a;n/a;1;no
1;Bruce Badash;"""wasn't at all what we had booked""";2021-04-03;Not Verified;United Kingdom;n/a;Bergen to Barcelona via Amsterdam;Couple Leisure;Economy Class;April 2021;2;n/a;n/a;n/a;n/a;n/a;n/a;no
9;M Kemp;"""I had very pleasant and smooth flights""";2021-03-29;Trip Verified;United Kingdom;Boeing 777;Berlin to Curacao via Amsterdam;Solo Leisure;Economy Class;March 2021;5;4;5;5;3;5;5;yes
7;Jonsen Sinaga;"""Somehow I did not expect much""";2021-03-21;Trip Verified;United Kingdom;Boeing 777-300ER;Curacao to Amsterdam;Couple Leisure;Business Class;March 2021;4;5;4;4;4;3;4;yes
3;V Keller;"""The flight attendants did not seem happy about doing their job""";2021-03-14;Trip Verified;United Kingdom;Boeing 787-9;Mexico City to Zurich via Amsterdam;Solo Leisure;Premium Economy;March 2021;2;3;2;3;n/a;n/a;2;no
2;E Andrews;"""supervisor and staff were so rude and arrogant""";2021-03-05;Trip Verified;Namibia;BOEING 777-300ER;Windhoek to Amsterdam via Johannesburg;Solo Leisure;Economy Class;March 2021;1;1;1;1;1;1;1;no
3;Khodadad Rezakhani;"""I have never seen less""";2021-03-04;Not Verified;Namibia;Boeing 777-300;Amsterdam to Los Angeles;Solo Leisure;Economy Class;March 2021;3;2;4;2;1;2;3;no
2;Andrea Fonfara;"""Loyalty doesn't always pay off""";2021-02-12;Trip Verified;Namibia;n/a;Alicante to Amsterdam via Guatemala;Solo Leisure;Economy Class;January 2021;3;3;3;3;2;n/a;2;no
2;P Love;"""I would not fly with KLM in the future""";2021-01-20;Trip Verified;Namibia;n/a;Amsterdam to New York;Family Leisure;Economy Class;January 2021;1;2;3;3;n/a;3;2;no
10;Leo Duse;"""Crew very friendly and helpful""";2021-01-18;Trip Verified;Namibia;n/a;Milan to Bangkok via Amsterdam;Solo Leisure;Economy Class;January 2021;5;5;5;3;n/a;n/a;5;yes
7;Denis Samofalov;"""Both legs of my flight were pleasant""";2021-01-17;Trip Verified;Namibia;Boeing 777-300ER /  777-200;Manila to San José via Amsterdam;Family Leisure;Economy Class;December 2020;2;4;5;5;3;n/a;5;yes
10;T Thompson;"""their service and hospitality was truly amazing""";2021-01-12;Trip Verified;Namibia;Boeing 747-10 Dreamliner;Houston, IAH to Amsterdam, Schiphol via Atlanta, ATL;Solo Leisure;Economy Class;January 2021;5;5;5;5;5;5;5;yes
3;H Shaw;"""This airline was like flying with a pauper""";2021-01-06;Trip Verified;Namibia;Boeing 777;São Paulo to Amsterdam;Solo Leisure;Economy Class;January 2021;3;1;2;1;1;1;1;no
1;Jakob Obenaus;"""Worst experience with an airline""";2020-12-29;Trip Verified;Namibia;Boeing 787;Stuttgart to Hong Kong via Amsterdam;Solo Leisure;Business Class;September 2020;1;3;3;3;3;1;1;no
1;R Saksa;"""Arrogant and noisy staff""";2020-12-22;Trip Verified;Namibia;Boeing 737;Helsinki to Madrid via Amsterdam;Solo Leisure;Economy Class;December 2020;1;1;1;1;1;1;5;no
9;N Chan;"""Service was courteous throughout""";2020-12-14;Trip Verified;Singapore;n/a;Singapore to Amsterdam;Solo Leisure;Economy Class;December 2020;3;4;5;4;4;3;4;yes
1;Christian Kura;"""KLM only refunded me 22.00 dollar""";2020-12-08;Trip Verified;Singapore;n/a;Detroit to Münich via Paris;Family Leisure;Economy Class;December 2020;1;n/a;n/a;n/a;n/a;n/a;n/a;no
10;Alex Martino;"""I had an excellent experience with KLM""";2020-11-24;Trip Verified;Singapore;Boeing 777-300;Amsterdam to Taipei;Couple Leisure;Business Class;November 2020;5;5;5;3;3;n/a;5;yes
1;John McBride;KLM Royal Dutch Airlines customer review;2020-11-20;Not Verified;Singapore;n/a;Budapest to Washington via Amsterdam;Family Leisure;Economy Class;September 2020;1;n/a;n/a;n/a;n/a;n/a;n/a;no
1;J Meares;"""blame COVID-19 for everything!""";2020-10-26;Trip Verified;Singapore;n/a;Atlanta to Amsterdam;Business;Business Class;June 2020;1;1;1;1;n/a;n/a;1;no
5;M Allen;"""Very poor customer service""";2020-10-23;Trip Verified;Singapore;n/a;Madrid to Bogota via Amsterdam;Solo Leisure;Economy Class;October 2020;3;4;4;3;3;n/a;1;yes
10;J. van den Berg;"""Very pleasant flight with KLM""";2020-10-14;Trip Verified;Singapore;Boeing 737-700;Lisbon to Amsterdam;Couple Leisure;Economy Class;October 2020;5;5;5;5;n/a;n/a;5;yes
1;Ieva Vaitiekunaite;"""do not recommend this airline""";2020-10-12;Trip Verified;Singapore;n/a;Cagliari to Amsterdam;Solo Leisure;Economy Class;July 2020;1;n/a;n/a;n/a;n/a;n/a;n/a;no
1;Matthew Hall;"""cash refund request was sent and declined""";2020-10-10;Trip Verified;Singapore;n/a;Leeds to Amsterdam;Solo Leisure;Economy Class;May 2020;1;n/a;n/a;n/a;n/a;n/a;n/a;no
10;D Janssen;"""the usual professional and friendly KLM service""";2020-10-03;Trip Verified;Singapore;E175;Amsterdam to Copenhagen;Solo Leisure;Economy Class;September 2020;5;4;5;4;n/a;n/a;5;yes
3;Fan Zhu;"""the cabin crew were not nice at all""";2020-10-01;Trip Verified;United States;n/a;Chicago O'Hare to Amsterdam;Business;Business Class;June 2020;3;4;1;n/a;n/a;2;4;no
9;Angelo Menezes;"""staff were really nice""";2020-09-28;Trip Verified;United States;n/a;Amsterdam to Zagreb;Solo Leisure;Economy Class;September 2020;5;5;5;3;n/a;n/a;3;yes
1;D Jarsun;"""the last choice to fly with""";2020-09-13;Trip Verified;United States;n/a;Mexico to Krakow via Amsterdam;Business;Economy Class;September 2020;1;1;1;n/a;n/a;n/a;1;no
10;M Shaw;"""safety measures concerning COVID-19 was good""";2020-09-04;Trip Verified;United States;Boeing 777-300;Amsterdam to Narita;Solo Leisure;Economy Class;August 2020;4;3;5;3;5;n/a;5;yes
3;Elaine Loh;"""nobody social distanced whilst queuing""";2020-08-17;Trip Verified;United States;Boeing 737;Paris to Amsterdam ;Family Leisure;Economy Class;July 2020;4;3;3;1;n/a;n/a;3;no
5;Elaine Loh;"""very similar to pre-pandemic times""";2020-08-17;Trip Verified;United States;Boeing 737;Amsterdam to Paris ;Family Leisure;Economy Class;July 2020;5;3;4;1;n/a;n/a;5;yes
1;S Genyve;"""Very poor seat, no service""";2020-08-11;Trip Verified;United States;n/a;Panama to Geneva via Amsterdam;Couple Leisure;Economy Class;March 2020;1;1;1;1;2;2;1;no
2;S Goffi;"""had to pay 70 euros for my trolley""";2020-07-05;Trip Verified;United States;n/a;Amsterdam to Milan;Solo Leisure;Economy Class;July 2020;1;3;2;1;n/a;n/a;1;no
2;Zainab Haidari;"""never want to travel with KLM again""";2020-06-27;Trip Verified;United States;n/a;Amsterdam to Helsinki;Solo Leisure;Economy Class;June 2020;3;2;1;1;n/a;n/a;1;no
10;Anna Kyrk;"""driven to support customers""";2020-06-26;Not Verified;United States;n/a;Stockholm to Amsterdam;Solo Leisure;Economy Class;June 2020;5;5;5;n/a;n/a;n/a;5;yes
1;Claudia Neag;"""parents were denied boarding""";2020-06-20;Trip Verified;Canada;n/a;Toronto to Amsterdam;Family Leisure;Economy Class;June 2020;1;n/a;n/a;n/a;n/a;n/a;n/a;no
2;S Meed;"""especially rude in her attitude""";2020-06-17;Trip Verified;Canada;n/a;Quito to Heathrow via Amsterdam;Couple Leisure;Economy Class;February 2020;3;1;1;2;3;n/a;3;no
1;C Walters;"""never fly with this airline again""";2020-06-17;Not Verified;Canada;n/a;Sofia to New York via Amsterdam;Solo Leisure;Economy Class;June 2020;1;n/a;n/a;n/a;n/a;n/a;1;no
3;S Meed;"""told they had run out of food""";2020-06-17;Trip Verified;Canada;n/a;London to San Jose via Amsterdam;Couple Leisure;Economy Class;January 2020;3;3;2;1;3;n/a;2;no
1;K Cartledge;"""very disappointed with KLM""";2020-06-16;Not Verified;Canada;n/a;Bristol to Abu Dhabi via Amsterdam;Couple Leisure;Economy Class;March 2020;1;n/a;n/a;n/a;n/a;n/a;n/a;no
1;P Deane;"""I have been ignored, lied to""";2020-06-16;Trip Verified;Canada;Boeing 777;Ho Chi Minh City to Birmingham via Paris / Amsterdam;Business;Business Class;August 2019;1;n/a;n/a;n/a;n/a;n/a;n/a;no
9;Alistair Baker;"""staff were friendly and efficient""";2020-06-08;Trip Verified;Canada;A319;London to Amsterdam;Solo Leisure;Economy Class;October 2019;5;4;4;n/a;n/a;n/a;4;yes
1;Jay Schiffman;"""The service was abhorrent""";2020-06-04;Not Verified;Canada;Boeing 777;Amsterdam to Los Angeles;Couple Leisure;Business Class;June 2020;1;4;1;1;4;2;1;no
1;C Palvassa;"""They send you a voucher""";2020-06-02;Trip Verified;Canada;n/a;Milan to Recife via Amsterdam;Solo Leisure;Economy Class;April 2020;1;n/a;n/a;n/a;n/a;n/a;n/a;no
1;C Kardin;"""just issued the voucher""";2020-06-02;Trip Verified;Canada;n/a;Edinburgh to Los Angeles via Amsterdam;Couple Leisure;Economy Class;May 2020;1;n/a;n/a;n/a;n/a;n/a;n/a;no
1;Nicola Richardson;"""not get a refund but a voucher""";2020-06-02;Trip Verified;United Kingdom;n/a;Birmingham to St Martin via Amsterdam;Family Leisure;Economy Class;April 2020;1;n/a;n/a;n/a;n/a;n/a;n/a;no
1;Sarah Scott;"""never use this airline again""";2020-05-19;Not Verified;United Kingdom;n/a;Nuremberg to Leeds Bradford via Amsterdam;Family Leisure;Economy Class;December 2019;1;1;1;n/a;n/a;n/a;1;no
1;F Kadame;"""denying any compensation""";2020-05-02;Trip Verified;United Kingdom;n/a;Bali to Cork via Amsterdam;Family Leisure;Economy Class;June 2019;1;2;1;1;1;n/a;1;no
1;Frederic Rich;"""horrible customer service""";2020-05-01;Trip Verified;United Kingdom;n/a;Kuala Lumpur to Strasbourg via Amsterdam;Couple Leisure;Economy Class;April 2020;1;1;1;n/a;n/a;n/a;1;no
1;W Malton;"""refused to refund me""";2020-04-28;Trip Verified;United Kingdom;n/a;Manchester to Bangkok via Amsterdam;Business;Business Class;September 2019;1;n/a;n/a;n/a;n/a;n/a;n/a;no
10;Grace Tharbis;"""I really enjoyed my flight""";2020-04-23;Trip Verified;United Kingdom;n/a;Nairobi to Amsterdam;Solo Leisure;Economy Class;April 2020;5;4;4;5;5;3;5;yes
1;Viet Quang Nguyen;"""won't recommend flying with them""";2020-04-16;Trip Verified;United Kingdom;n/a;Rome to Stockholm via Amsterdam;Solo Leisure;Economy Class;April 2020;1;n/a;n/a;n/a;n/a;n/a;n/a;no
9;Ina Milcheva;"""one big thank you to KLM!""";2020-04-11;Trip Verified;United Kingdom;Boeing 787-9 Dreamliner;Cancun to Sofia via Mexico City / Amsterdam;Business;Economy Class;April 2020;4;5;5;3;3;4;5;yes
9;W Neale;"""lucky to have very friendly crews""";2020-04-11;Trip Verified;United Kingdom;n/a;Rio de Janeiro to Berlin via Amsterdam;Family Leisure;Economy Class;April 2020;4;4;5;4;n/a;n/a;4;yes
1;C Heiner;"""voucher would take multiple weeks""";2020-04-09;Trip Verified;United Kingdom;n/a;Los Angeles to Frankfurt via Amsterdam;Business;Business Class;April 2020;2;3;3;n/a;n/a;n/a;1;no
1;P Marshall;"""the worst customer service I have ever received""";2020-04-03;Trip Verified;Spain;n/a;Kyiv to Madrid via Amsterdam;Solo Leisure;Economy Class;April 2020;1;1;1;1;1;1;1;no
9;I Thanita;"""cabin crew was very friendly""";2020-04-03;Trip Verified;Spain;Boeing 777-300;Jakarta to Kuala Lumpur;Family Leisure;Economy Class;December 2019;4;5;5;5;4;n/a;4;yes
1;Jay Cobb;"""couldn't reach customer service""";2020-03-29;Not Verified;Spain;n/a;Lusaka to Zurich via Amsterdam;Business;Economy Class;March 2020;1;1;1;n/a;n/a;n/a;1;no
1;D Clarkson;"""disappointed in KLM""";2020-03-29;Trip Verified;Spain;n/a;Kuala Lumpur to Amsterdam;Solo Leisure;Economy Class;March 2020;2;1;3;2;5;n/a;3;no
1;Mindaugas Cekas;"""they even didn't say sorry""";2020-03-20;Not Verified;Spain;n/a;Vilnius to Arusha via Vilnius;Couple Leisure;Economy Class;March 2020;2;3;3;1;2;1;1;no
5;A Berlov;"""no charge for the phone""";2020-03-19;Trip Verified;Spain;Boeing 737;Bergen to Moscow;Solo Leisure;Economy Class;October 2019;2;2;4;2;1;1;2;no
5;A Berlov;"""There is almost no food""";2020-03-19;Trip Verified;Spain;Boeing 737;Moscow to Amsterdam;Solo Leisure;Economy Class;October 2019;2;1;2;1;n/a;n/a;2;no
7;A Berlov;"""Thin seats, not soft enough""";2020-03-19;Trip Verified;Spain;Boeing 777;Kuala Lumpur to Jakarta;Solo Leisure;Economy Class;March 2020;3;3;4;3;3;1;2;yes
1;Sophia Andersson;"""they couldn't rebook this flight""";2020-03-18;Trip Verified;Spain;n/a;Bergen to Denpasar via Amsterdam;Couple Leisure;Economy Class;March 2020;1;n/a;n/a;n/a;n/a;n/a;1;no
1;Michael Rück;"""cancelled without decent reason""";2020-03-12;Not Verified;Spain;n/a;Lima to Zürich via Amsterdam;Solo Leisure;Economy Class;January 2020;1;2;1;n/a;n/a;n/a;1;no
1;Lillian Halasz;"""I won't fly with them again""";2020-03-09;Trip Verified;Brazil;n/a;Budapest to Rio de Janeiro via Amsterdam;Solo Leisure;Economy Class;February 2020;1;2;5;4;3;n/a;1;no
8;Fred Hodgson;"""my first choice for now""";2020-03-08;Trip Verified;Brazil;Airbus;Manchester to Entebbe via Amsterdam;Couple Leisure;Economy Class;February 2020;3;3;4;4;n/a;n/a;4;yes
1;Maksim Kovalerchik;"""charged $60 for baggage""";2020-03-06;Trip Verified;Brazil;Boeing 747-400 ;Amsterdam to Riga;Solo Leisure;Economy Class;March 2020;1;n/a;n/a;n/a;n/a;n/a;1;no
9;Eelco van den Heuvel;"""two great flights with KLM""";2020-03-06;Trip Verified;Brazil;Boeing 737;Amsterdam to Dublin;Family Leisure;Economy Class;March 2020;4;4;5;4;n/a;n/a;5;yes
1;J Parker;"""a very bad experience""";2020-03-05;Trip Verified;Brazil;n/a;Billund to Amsterdam;Solo Leisure;Economy Class;February 2020;1;3;3;3;1;1;1;no
5;M Roberts;"""seat pitch is very limited""";2020-03-05;Trip Verified;Brazil;Boeing 787;Singapore to Denpasar ;Business;Business Class;January 2020;4;3;5;2;n/a;2;4;no
1;Ken Rauch;"""inadvertently cancelled the tickets""";2020-03-04;Not Verified;Brazil;n/a;San Francisco to Amsterdam;Couple Leisure;Economy Class;March 2020;1;n/a;n/a;n/a;n/a;n/a;n/a;no
3;M James;"""the most uncomfortable flight""";2020-03-04;Trip Verified;Brazil;Boeing 787-9;Birmingham to Las Vegas via Amsterdam;Couple Leisure;Premium Economy;February 2020;3;1;4;4;3;1;4;no
4;Marcus Carvalho;"""customer support is the worst""";2020-03-03;Trip Verified;Brazil;Boeing 777;Gdansk to Rio de Janeiro via Amsterdam;Solo Leisure;Economy Class;April 2019;3;2;3;3;3;n/a;2;no
2;S Palamatha;"""not recommend this flight""";2020-02-28;Trip Verified;Brazil;n/a;Amsterdam to Munich;Solo Leisure;Economy Class;January 2020;3;4;4;n/a;n/a;n/a;2;no
10;Yvette Batoula;"""a big kudos to KLM""";2020-02-26;Trip Verified;United States;Boeing 777;Johannesburg to Amsterdam;Business;Economy Class;February 2020;5;n/a;n/a;n/a;n/a;n/a;5;yes
9;Glenn McGee;"""friendly and accommodating""";2020-02-22;Trip Verified;United States;Boeing 777-300;Jakarta to Kuala Lumpur;Solo Leisure;Business Class;February 2020;5;4;5;5;4;n/a;4;yes
1;V Kalirou;"""Worst customer service""";2020-02-21;Trip Verified;United States;n/a;Amsterdam to Berlin;Solo Leisure;Economy Class;October 2019;1;2;2;n/a;n/a;1;1;no
2;Mignon Perry;"""most horrible seating""";2020-02-17;Trip Verified;United States;Boeing 777- 300;Cape Town to Atlanta via Amsterdam;Couple Leisure;Economy Class;February 2020;1;1;4;1;4;n/a;4;no
8;M Mahzin;"""Fare was pretty affordable""";2020-02-15;Trip Verified;United States;Boeing 737;Copenhagen to Amsterdam;Business;Economy Class;June 2019;4;4;4;3;n/a;n/a;4;yes
7;A Mahzin;"""staff were friendly""";2020-02-15;Trip Verified;United States;n/a;Amsterdam to Helsinki;Business;Economy Class;June 2019;4;3;3;4;n/a;n/a;3;yes
1;Miguel Segura;"""Such a disappointment""";2020-02-13;Trip Verified;United States;n/a;Barcelona to Amsterdam;Business;Economy Class;February 2020;1;3;2;1;n/a;n/a;2;no
9;ØW Wiig;"""KLM is my preferred airline""";2020-02-12;Trip Verified;United States;Boeing 777-300;Torp Sandefjord to Singapore via Amsterdam;Business;Premium Economy;February 2020;4;4;5;5;5;3;5;yes
1;Glete Grady;"""treating customers with such indifference""";2020-01-30;Trip Verified;United States;n/a;Bristol to Sao Paulo via Amsterdam;Couple Leisure;Economy Class;January 2020;1;1;3;1;3;3;3;no
2;David Houlihan;"""total waste of money""";2020-01-24;Trip Verified;United States;Boeing 737;Dublin to Amsterdam;Solo Leisure;Business Class;December 2019;2;1;3;2;n/a;n/a;2;no
9;Jonathan Rodden;"""good flight and service""";2020-01-23;Trip Verified;United Kingdom;Embraer 175;Amsterdam to Belfast;Solo Leisure;Business Class;January 2020;5;5;5;4;n/a;n/a;4;yes
3;M Vamarez;"""betrayed as a passenger""";2020-01-20;Trip Verified;United Kingdom;Boeing 777-200;Rio de Janeiro to Helsinki via Amsterdam;Solo Leisure;Economy Class;January 2020;1;4;5;4;5;n/a;5;no
7;Ziauddin Ahmed;"""On board staff were friendly""";2020-01-20;Trip Verified;United Kingdom;Boeing 737-800;Amsterdam to Helsinki;Business;Economy Class;June 2019;4;4;3;4;2;n/a;2;yes
7;Rishy Cletus;"""service was excellent""";2020-01-15;Trip Verified;United Kingdom;n/a;Buenos Aires to Mumbai via Amsterdam;Business;Economy Class;January 2020;4;4;5;4;4;4;4;yes
10;Justina Pliuskeviciute;"""Would highly recommend""";2020-01-13;Trip Verified;United Kingdom;n/a;Amsterdam to Inverness ;Solo Leisure;Economy Class;January 2020;5;5;5;5;n/a;n/a;5;yes
10;Natalia Antoniadou;"""a wonderful trip""";2020-01-13;Not Verified;United Kingdom;A330;Amsterdam to Vancouver;Solo Leisure;Economy Class;January 2020;5;4;5;5;5;n/a;3;yes
4;P Danov;"""something goes wrong""";2020-01-10;Trip Verified;United Kingdom;n/a;Amsterdam to Munich;Business;Economy Class;October 2019;2;3;3;3;n/a;n/a;1;no
2;B Shayitsu;"""Was not happy at all!""";2020-01-08;Trip Verified;United Kingdom;n/a;Seoul to Amsterdam;Family Leisure;Economy Class;December 2019;3;1;1;2;1;2;1;no
3;Jacqueline Van den Ende;"""The food was outright horrible""";2020-01-07;Trip Verified;United Kingdom;n/a;Manila to Amsterdam;Couple Leisure;Economy Class;January 2020;3;2;2;3;1;2;2;no
9;Z Hassane;"""Extremely kind staff and good food""";2019-12-28;Not Verified;United Kingdom;Boeing 737-800;Amsterdam to Prague;Family Leisure;Economy Class;October 2019;5;5;5;4;4;4;4;yes
1;J Darlaan;"""KLM placed us standby""";2019-12-28;Trip Verified;Netherlands;n/a;Amsterdam to Singapore;Couple Leisure;Economy Class;December 2019;1;2;3;n/a;n/a;n/a;1;no
8;Michael Duits;"""a wonderful flight""";2019-12-28;Trip Verified;Netherlands;Boeing 737-800;Amsterdam to Bucharest;Solo Leisure;Economy Class;December 2019;4;5;5;4;n/a;n/a;4;yes
8;Aliridha Habib;"""attendants were hospitable""";2019-12-27;Not Verified;Netherlands;n/a;Dar es Salaam to Toronto via Amsterdam;Family Leisure;Economy Class;June 2019;4;5;5;5;4;n/a;5;yes
5;Jacqueline Robinson;"""paid extra to choose our seats""";2019-12-18;Not Verified;Netherlands;n/a;Edinburgh to Amsterdam;Couple Leisure;Economy Class;December 2019;2;2;5;3;n/a;n/a;2;yes
3;Christopher Turpin;"""no one got back to me""";2019-12-12;Trip Verified;Netherlands;n/a;Manchester to Barcelona via Amsterdam;Couple Leisure;Economy Class;October 2019;2;4;4;n/a;n/a;n/a;1;no
9;M Ward;"""very good and comfortable trip""";2019-12-03;Trip Verified;Netherlands;A332 / Boeing 737-800;Abu Dhabi to Rome via Amsterdam;Couple Leisure;Economy Class;October 2019;4;4;4;4;3;n/a;4;yes
10;M Yu;"""pleased with the quality of service""";2019-11-29;Trip Verified;Netherlands;n/a;Kuala Lumpur to Stockholm via Amsterdam;Couple Leisure;Economy Class;October 2019;5;5;5;5;5;5;5;yes
10;Hunter Alderman;"""kind and took care of me""";2019-11-23;Trip Verified;Netherlands;n/a;Amsterdam to Washington;Business;Economy Class;August 2019;5;5;5;5;5;n/a;5;yes
9;Mark Shah-Hall;"""really enjoyed our experience""";2019-11-21;Trip Verified;Netherlands;Boeing 787;Manchester to JFK via Amsterdam;Couple Leisure;Business Class;November 2019;4;4;5;4;4;n/a;5;yes
1;F Ellis;"""I booked for more legroom""";2019-11-21;Trip Verified;Netherlands;n/a;Aruba to Amsterdam;Solo Leisure;Economy Class;December 2018;1;1;1;n/a;1;n/a;4;no
9;Frederiek Balliere;"""lot of troubles with our visa""";2019-11-18;Not Verified;Belgium;n/a;Brussels to Delhi via Amsterdam;Couple Leisure;Economy Class;November 2019;5;4;5;4;n/a;n/a;5;yes
9;V Beale;"""very comfortable plane""";2019-11-13;Trip Verified;Belgium;n/a;Dubai to Copenhagen ;Solo Leisure;Economy Class;November 2019;3;5;5;5;5;n/a;5;yes
10;Kevin Tunnicliffe;"""Cabin crew are excellent""";2019-11-10;Trip Verified;Belgium;Boeing 787-9;Santiago to Manchester via Amsterdam;Couple Leisure;Business Class;November 2019;4;5;5;4;3;n/a;5;yes
1;Karim Lfarouk;"""Never flying again with them""";2019-11-09;Not Verified;Belgium;Boeing 777-200;Amsterdam to Vancouver;Family Leisure;Premium Economy;October 2019;1;1;1;1;1;n/a;1;no
10;Sean Clarke;"""enjoy this flight very much""";2019-11-07;Trip Verified;Belgium;Boeing 777 ER;Dublin to Kuala Lumpur via Amsterdam;Solo Leisure;Business Class;August 2019;5;5;5;4;4;n/a;5;yes
10;Martial Faure;"""recommend this airline""";2019-11-03;Trip Verified;Belgium;Boeing 737-800;Brussels to Lyon via Amsterdam;Solo Leisure;Economy Class;October 2019;5;5;5;5;n/a;n/a;5;yes
2;Danny Cooper;"""refused to pay extra expenses""";2019-11-02;Trip Verified;Belgium;n/a;Amsterdam to Birmingham;Solo Leisure;Economy Class;October 2019;1;3;3;3;n/a;n/a;1;no
4;C Kan;"""foul mouth steward""";2019-11-01;Trip Verified;Belgium;n/a;Lima to Kuala Lumpur via Amsterdam;Solo Leisure;Economy Class;October 2019;3;3;1;2;2;n/a;3;no
10;S Chan;KLM Royal Dutch Airlines customer review;2019-10-31;Trip Verified;Belgium;Boeing 777-300er;Jakarta to Kuala Lumpur;Couple Leisure;Business Class;October 2019;5;5;5;5;5;n/a;5;yes
2;N Parthin;"""checkin experience was very sad""";2019-10-28;Trip Verified;Belgium;Boeing 777-200;Amsterdam to Dubai;Solo Leisure;Economy Class;October 2019;2;2;4;1;3;1;1;no
1;Michael Webb;"""requesting a 50% refund""";2019-10-25;Trip Verified;United States;Boeing 777;Houston to Vienna via Amsterdam;Business;Business Class;October 2019;1;3;1;1;3;1;1;no
10;Rachel Barclay;"""Definitely fly with KLM again""";2019-10-23;Not Verified;United States;n/a;Athens to Aberdeen via Amsterdam;Solo Leisure;Economy Class;October 2019;4;5;5;5;3;5;5;yes
5;T Veane;"""A mess for a weekend trip""";2019-10-22;Trip Verified;United States;Boeing 737-800 / 737-900;Zurich to Bucharest via Amsterdam;Solo Leisure;Economy Class;October 2019;4;4;5;3;n/a;n/a;2;yes
1;Sudesh Vermani;"""our luggage didn’t come""";2019-10-20;Not Verified;United States;n/a;Toronto to Delhi via Amsterdam;Family Leisure;Economy Class;October 2019;1;1;2;2;2;n/a;1;no
1;Shabina Afridi;"""awful overall experience""";2019-10-19;Trip Verified;United States;n/a;Amsterdam to Atlanta;Business;Economy Class;October 2019;1;1;3;1;1;1;1;no
1;S Heikki ;"""pretty messy in case of failures""";2019-10-17;Trip Verified;United States;Boeing 737, Embraer 195, Embraer 190;Helsinki to Dublin via Amsterdam;Business;Economy Class;April 2019;3;3;3;3;n/a;n/a;1;no
1;Long Dang;"""first and also the last time""";2019-10-11;Trip Verified;United States;n/a;Houston to Venice via Amsterdam;Couple Leisure;Economy Class;October 2019;2;1;2;1;1;1;2;no
7;S Karentov;"""Would fly with them again""";2019-10-10;Trip Verified;United States;n/a;New York to Amsterdam;Business;Business Class;September 2019;3;4;4;3;3;n/a;3;yes
2;John Gwilt;"""Upgraded with no meal""";2019-10-09;Trip Verified;United States;n/a;Stavanger to Glasgow via Amsterdam;Business;Business Class;October 2019;1;1;5;1;1;1;1;no
1;K Alexander;"""really poor customer service""";2019-10-09;Trip Verified;United States;n/a;Amsterdam to Basel;Solo Leisure;Economy Class;September 2019;1;1;1;1;1;1;1;no
1;Michal Cupa;"""Overall a very bad experience""";2019-10-09;Trip Verified;Czech Republic;Boeing 737;Amsterdam to Moscow;Business;Economy Class;September 2019;1;1;1;1;1;1;1;no
9;M Kamirren;"""The crew was excellent""";2019-10-09;Trip Verified;Czech Republic;n/a;Bangkok via Amsterdam;Couple Leisure;Economy Class;October 2019;5;4;5;4;4;4;5;yes
9;Eelco van den Heuvel;"""Attentive, friendly and cheerful crew""";2019-10-07;Trip Verified;Czech Republic;A330;Amsterdam to Muscat;Couple Leisure;Economy Class;October 2019;4;4;5;3;5;n/a;3;yes
1;Moein Jahanbani;"""lose the connection to Copenhagen""";2019-10-05;Trip Verified;Czech Republic;n/a;Valencia to Copenhagen via Amsterdam;Family Leisure;Economy Class;May 2019;1;1;1;1;1;1;1;no
2;R Warren;"""made no effort to get me home""";2019-10-05;Not Verified;Czech Republic;n/a;Zurich to Norwich via Amsterdam;Business;Economy Class;October 2019;1;3;3;n/a;n/a;n/a;2;no
7;B Jiminez;"""Food was good""";2019-10-03;Trip Verified;Czech Republic;A330;Fortaleza to London Heathrow via Amsterdam;Solo Leisure;Business Class;October 2019;4;2;4;4;5;n/a;4;yes
10;Silvana Marcon;"""delighted by the kindness""";2019-10-02;Trip Verified;Czech Republic;Boeing 777;Amsterdam to São Paulo;Couple Leisure;Business Class;September 2019;5;5;5;5;5;n/a;5;yes
10;Cyrus Maram;"""Love you KLM""";2019-09-30;Not Verified;Czech Republic;Boeing 737-800;Houston to Barcelona via Amsterdam;Family Leisure;Premium Economy;March 2019;5;5;5;5;5;5;5;yes
5;Elaine Loh;"""Cramped with little leg room""";2019-09-28;Trip Verified;Czech Republic;Boeing 737;Paris to Amsterdam;Business;Economy Class;September 2019;2;2;3;2;n/a;n/a;3;no
2;E Haledi;KLM Royal Dutch Airlines customer review;2019-09-26;Trip Verified;Czech Republic;n/a;Oslo to Luxembourg via Amsterdam;Business;Economy Class;September 2019;1;3;1;1;1;1;1;no
6;Yudha Fitriansyah;"""Service from the cabin crew seemed very rushed""";2019-09-25;Trip Verified;Indonesia;Boeing 777-200ER;Kuala Lumpur to Jakarta;Solo Leisure;Economy Class;August 2019;4;3;3;2;3;n/a;2;yes
6;Elaine Loh;"""Seats were really tight""";2019-09-23;Trip Verified;Indonesia;n/a;Amsterdam to Paris;Solo Leisure;Economy Class;September 2019;3;3;3;3;n/a;n/a;1;yes
2;B Blundell;"""very unhappy with KLM""";2019-09-21;Trip Verified;Indonesia;n/a;Hanover to Vancouver via Amsterdam;Solo Leisure;Economy Class;July 2019;2;3;3;2;2;2;2;no
5;A Garner;"""Seat very thin but comfortable""";2019-09-19;Trip Verified;Indonesia;A330;Amsterdam to Kigali;Solo Leisure;Economy Class;September 2019;3;5;3;2;3;n/a;4;yes
3;Norman Brown;"""second class airline service""";2019-09-18;Not Verified;Indonesia;Boeing 777-300;Durham Tees Valley to Cape Town via Amsterdam;Couple Leisure;Economy Class;September 2019;3;1;4;1;4;4;3;no
9;Yu-Hsiu Chang;"""really enjoyed all four flights""";2019-09-17;Trip Verified;Indonesia;Boeing 777-300 / 737-800;Taipei to Lisbon via Amsterdam;Solo Leisure;Economy Class;September 2019;4;4;4;4;n/a;n/a;4;yes
1;Kenny O'Donnell;"""The worst customer service""";2019-09-17;Not Verified;Indonesia;n/a;Copenhagen to Glasgow via Amsterdam;Couple Leisure;Economy Class;September 2019;1;1;1;n/a;n/a;n/a;1;no
4;K Schaemer;"""seats terrible to sit and rest in""";2019-09-16;Trip Verified;Indonesia;Boeing 777-300;Berlin to Cape Town via Amsterdam;Solo Leisure;Economy Class;September 2019;3;1;5;3;3;n/a;4;no
1;Sophie Togsen;"""threatened to off board me""";2019-09-15;Not Verified;Indonesia;n/a;Amsterdam to Singapore;Solo Leisure;Economy Class;August 2019;2;2;1;1;n/a;n/a;1;no
1;G Ramanova;"""horrible customer service""";2019-09-12;Trip Verified;Indonesia;n/a;Toronto to Amsterdam;Couple Leisure;Economy Class;September 2019;1;n/a;n/a;n/a;n/a;n/a;1;no
3;Norman Brown;"""unscrupulous and devious""";2019-09-11;Not Verified;United Kingdom;Boeing 777-300;Cape Town to Teesside  via Amsterdam;Couple Leisure;Economy Class;September 2019;4;3;5;2;4;n/a;4;no
2;Kim Taylor;"""Will never fly them again""";2019-09-09;Trip Verified;United Kingdom;Boeing 787;Kilimanjaro to Amsterdam;Solo Leisure;Economy Class;July 2019;1;1;1;n/a;n/a;n/a;4;no
7;Eyal Weizmann;"""found KLM to be satisfactory""";2019-09-09;Not Verified;United Kingdom;Boeing 737-900 / 777-300ER;Tel Aviv to Bali via Amsterdam;Family Leisure;Economy Class;September 2019;3;3;4;3;3;n/a;4;yes
4;S Lansell;"""very unwilling to help""";2019-09-09;Trip Verified;United Kingdom;Boeing 737;Amsterdam to Bremen;Couple Leisure;Economy Class;June 2019;1;3;3;3;n/a;n/a;1;no
8;S Bernier;"""KLM has improved so much""";2019-09-08;Trip Verified;United Kingdom;n/a;Washington to Basel via Amsterdam;Family Leisure;Economy Class;August 2019;3;4;5;3;4;n/a;3;yes
1;Simon Wolf;"""KLM is a terrible company""";2019-09-08;Trip Verified;United Kingdom;n/a;Gothenburg to Lima via Amsterdam;Couple Leisure;Economy Class;July 2019;1;1;1;1;1;1;1;no
1;M Ranudova;"""the worst flight experience""";2019-09-07;Trip Verified;United Kingdom;n/a;Amsterdam to Wroclaw;Family Leisure;Economy Class;September 2019;2;1;1;1;1;1;1;no
3;Dixon Block;"""upgrades aren't what they seem""";2019-09-03;Trip Verified;United Kingdom;n/a;Toronto to Amsterdam;Couple Leisure;Economy Class;August 2019;1;1;4;2;3;4;4;no
10;Isaac Aizenman;"""one of the best airlines""";2019-08-27;Not Verified;United Kingdom;n/a;Tel Aviv to Bogota via Amsterdam;Solo Leisure;Economy Class;August 2019;5;5;5;5;5;5;5;yes
1;E Falice;"""I didn't use the first flight""";2019-08-26;Trip Verified;United Kingdom;Boeing 737-800;Amsterdam to Madrid;Solo Leisure;Economy Class;August 2019;1;1;1;n/a;n/a;n/a;1;no
10;Howard Ball;"""superior to Delta""";2019-08-23;Not Verified;United States;Boeing 777 300;Amsterdam to Atlanta;Couple Leisure;Business Class;August 2019;5;5;5;5;5;n/a;5;yes
1;G Deane;"""offered me a seat in business class""";2019-08-21;Trip Verified;United States;Boeing 737-800;Toulouse to Amsterdam;Solo Leisure;Economy Class;August 2019;3;2;3;1;n/a;n/a;1;no
10;Z Aleem;"""would especially recommend if you need special assistance""";2019-08-18;Not Verified;United States;n/a;Manchester to Amsterdam;Family Leisure;Economy Class;July 2019;5;3;5;4;n/a;n/a;5;yes
1;Bhim Dhungana;"""so angry with the customer services""";2019-08-15;Trip Verified;United States;n/a;Helsinki to Cardiff to via Amsterdam;Family Leisure;Economy Class;July 2019;1;1;1;1;1;1;1;no
1;Simon Gregorn;"""problems started at the check in""";2019-08-13;Trip Verified;United States;Boeing 737;Nice to Prague via Amsterdam;Solo Leisure;Economy Class;July 2019;1;2;5;5;n/a;n/a;1;no
10;Jonathan Serros;"""not had any issue with KLM""";2019-08-07;Not Verified;United States;Boeing 777-200ER;Toronto to Dubai via Amsterdam;Business;Economy Class;July 2019;5;5;5;5;5;n/a;5;yes
4;B Heeley;"""a cheap no frills airline""";2019-07-30;Trip Verified;United States;n/a;Glasgow to Kiev via Amsterdam;Couple Leisure;Economy Class;June 2019;2;3;3;3;3;n/a;2;no
1;Adam Thomson;"""Diabolical customer service""";2019-07-30;Not Verified;United States;n/a;Leeds to Bremen via Amsterdam;Business;Economy Class;May 2019;1;1;3;1;n/a;n/a;1;no
1;Maxim Sholeninoff;"""rip you off for a little bit of cash""";2019-07-27;Not Verified;United States;n/a;Frankfurt to St. Petersburg via Amsterdam;Business;Business Class;June 2019;1;2;2;2;1;1;1;no
1;G Fischer;"""KLM has gotten out of control""";2019-07-27;Trip Verified;United States;Embraer 190;Munich to Amsterdam;Business;Premium Economy;July 2019;1;2;2;1;1;1;1;no
4;H MacDowall;"""nothing but headaches""";2019-07-27;Trip Verified;United States;n/a;Munich to Amsterdam;Couple Leisure;Economy Class;July 2019;3;2;2;1;1;1;2;no
1;K Vickers;"""Complete lack of response""";2019-07-25;Trip Verified;United States;n/a;Amsterdam to Munich;Couple Leisure;Economy Class;July 2019;1;2;2;1;n/a;n/a;2;no
2;Ashley Johnson;"""so insulted and humiliated""";2019-07-25;Trip Verified;United States;Boeing 777-300;Amsterdam to Bangkok;Solo Leisure;Business Class;July 2019;3;3;1;4;3;1;3;no
3;Graeme Bray;"""best described as adequate""";2019-07-23;Not Verified;United States;Embraer 195;Dublin to Sandefjord via Amsterdam;Solo Leisure;Economy Class;July 2019;2;3;3;n/a;n/a;n/a;1;no
10;Julian de Haas;"""it was a great flight""";2019-07-22;Not Verified;United States;Boeing 777-300er;Amsterdam to Lima;Family Leisure;Economy Class;July 2019;4;5;5;4;5;n/a;5;yes
3;S Maybana;"""have started avoiding KLM""";2019-07-22;Trip Verified;United States;n/a;Stavanger to Alicante via Oslo;Couple Leisure;Economy Class;April 2019;2;3;2;2;2;3;1;no
9;W Garner;"""cheaper than budget airlines""";2019-07-20;Trip Verified;United States;n/a;Kuala Lumpur to Jakarta;Solo Leisure;Economy Class;July 2019;4;5;5;2;5;n/a;5;yes
1;S Lee;"""I was not able to board the flight""";2019-07-19;Trip Verified;United States;n/a;Jakarta to Kuala Lumpur;Couple Leisure;Economy Class;June 2019;1;2;1;n/a;n/a;n/a;1;no
9;L Garner;"""cheaper than budget airlines""";2019-07-19;Trip Verified;United States;n/a;Jakarta to Kuala Lumpur;Solo Leisure;Economy Class;July 2019;4;5;5;3;5;n/a;4;yes
7;Elaine Loh;"""I would fly KLM again""";2019-07-18;Trip Verified;United States;Boeing 737;Stockholm to Amsterdam;Family Leisure;Economy Class;July 2019;4;4;5;2;n/a;n/a;5;yes
9;D Neale;"""impressed by the service""";2019-07-18;Trip Verified;Italy;n/a;Rome to Buenos Aires via Amsterdam ;Solo Leisure;Economy Class;May 2019;5;4;5;5;4;n/a;5;yes
7;D Kemp;"""seat itself is fairly comfortable""";2019-07-17;Trip Verified;Italy;Boeing 787-9;Amsterdam to Beijing;Solo Leisure;Economy Class;June 2019;5;5;3;4;2;n/a;3;yes
9;Bart Brouwers;"""Good flight with KLM""";2019-07-17;Not Verified;Italy;Boeing 777-300;Tokyo to Amsterdam;Solo Leisure;Economy Class;July 2019;5;5;5;5;5;n/a;5;yes
10;S Allen;"""excellent service""";2019-07-17;Trip Verified;Italy;Boeing 737-800;Amsterdam to Manchester;Solo Leisure;Business Class;July 2019;5;4;5;5;n/a;n/a;4;yes
1;Tomasz Gorski;"""dropped its standard considerably""";2019-07-16;Trip Verified;Italy;n/a;London City to Amsterdam;Family Leisure;Economy Class;July 2019;1;1;3;2;n/a;n/a;1;no
8;Z Yang;"""service was good""";2019-07-16;Trip Verified;Italy;n/a;Wroclaw to Amsterdam;Solo Leisure;Economy Class;May 2019;5;5;5;4;n/a;n/a;5;yes
10;Robyn Hines;"""service was lovely""";2019-07-15;Trip Verified;Italy;n/a;Manchester to Amsterdam;Solo Leisure;Economy Class;July 2019;5;5;5;5;n/a;n/a;3;yes
10;S Warton;"""Very comfortable trip""";2019-07-15;Trip Verified;Italy;Boeing 737-900;Manchester to Amsterdam;Solo Leisure;Business Class;July 2019;5;5;5;5;n/a;n/a;5;yes
6;Elaine Loh;"""Service was ok""";2019-07-13;Trip Verified;Italy;Boeing 737;Amsterdam to Stockholm;Family Leisure;Economy Class;July 2019;3;4;4;2;n/a;n/a;5;yes
9;J Jellesma;"""great service from the KLM staff""";2019-07-13;Trip Verified;Italy;Boeing 777;Amsterdam to Shanghai;Couple Leisure;Economy Class;July 2019;5;4;4;3;4;4;5;yes
9;R Altamirano;"""attendants were so kind""";2019-07-13;Not Verified;United States;Boeing 787-9;New York to Amsterdam;Family Leisure;Economy Class;June 2019;4;3;5;4;4;n/a;3;yes
1;Michael Klein;"""never received any compensation""";2019-07-12;Not Verified;United States;n/a;Amsterdam to St. Petersburg;Couple Leisure;Economy Class;June 2019;1;2;2;1;1;1;1;no
1;S Puglia;"""bad low-cost approach""";2019-07-11;Not Verified;United States;n/a;Amsterdam to Turin;Couple Leisure;Economy Class;July 2019;1;2;5;1;1;1;1;no
1;T Lee;"""Waste of time and money""";2019-07-10;Trip Verified;United States;n/a;Berlin to Amsterdam;Solo Leisure;Economy Class;July 2019;1;1;1;1;1;1;1;no
10;Vinh Phan;"""thoroughly impressed""";2019-07-07;Trip Verified;United States;Embraer 190;Amsterdam to Frankfurt;Solo Leisure;Economy Class;July 2019;5;5;5;5;n/a;n/a;5;yes
2;I Narzan;"""never fly again with this airline""";2019-07-06;Trip Verified;United States;Boeing 747-400;Kuala Lumpur to Jakarta;Solo Leisure;Economy Class;July 2019;2;4;1;1;3;n/a;2;no
1;R Dafenos;"""this airline truly does not care""";2019-07-05;Trip Verified;United States;n/a;Manchester to Amsterdam;Business;Economy Class;June 2019;2;3;3;3;3;3;2;no
2;L Rasish;"""been a terrible experience""";2019-07-02;Trip Verified;United States;n/a;Amsterdam to Hamburg;Couple Leisure;Economy Class;June 2019;1;3;3;3;n/a;n/a;1;no
1; M Gartlen;"""Stay away from KLM""";2019-06-27;Trip Verified;United States;n/a;Frankfurt to Saint Petersburg via Amsterdam;Couple Leisure;Economy Class;June 2019;1;2;2;n/a;n/a;n/a;1;no
10;Aaron Chalmers;"""the perfect, cheap choice""";2019-06-22;Trip Verified;United States;n/a;Aberdeen to Prague via Amsterdam;Couple Leisure;Economy Class;June 2019;4;4;5;5;n/a;n/a;5;yes
9;John Attersley;"""a very good flight experience""";2019-06-20;Trip Verified;Canada;A330-300;Toronto to Amsterdam;Business;Business Class;June 2019;4;4;5;4;4;4;4;yes
8;Thomas van Woerkom;"""cabin crew was very pleasant""";2019-06-18;Trip Verified;Canada;A330-200;Amsterdam to Aruba;Solo Leisure;Economy Class;May 2019;2;4;5;3;4;n/a;3;yes
8;Jose Bastos;"""KLM offers a very good product""";2019-06-18;Trip Verified;Canada;Boeing  737-800/ 777-200;Vienna to Sao Paulo via Amsterdam;Solo Leisure;Business Class;May 2019;4;3;5;5;4;n/a;5;yes
8;A Worten;"""onboard service was good""";2019-06-17;Trip Verified;Canada;Boeing 737;Amsterdam to Manchester;Solo Leisure;Economy Class;April 2019;4;5;4;4;n/a;n/a;5;yes
8;D Lim;"""seats were cheap looking""";2019-06-17;Trip Verified;Canada;Boeing 777-200ER;Seoul to Basel via Amsterdam;Solo Leisure;Economy Class;April 2019;5;1;4;3;4;n/a;4;yes
10;E Worten;"""Manchester to Amsterdam""";2019-06-17;Trip Verified;Canada;Boeing 737;Manchester to Amsterdam;Solo Leisure;Economy Class;April 2019;4;5;5;5;n/a;n/a;5;yes
1;D Ellis;"""good luck, you will need it""";2019-06-15;Trip Verified;Canada;Boeing 737-800;Amsterdam to Manchester;Couple Leisure;Economy Class;June 2019;1;2;2;2;n/a;n/a;1;no
3;A Thomas;"""never book a flight with KLM again""";2019-06-05;Not Verified;Canada;n/a;Leeds to Bremen via Amsterdam;Business;Economy Class;June 2019;1;1;4;2;1;1;2;no
8;F Steene;"""Smooth morning flight""";2019-06-04;Trip Verified;Canada;E190;ZRH to AMS;Solo Leisure;Economy Class;June 2019;5;5;4;4;n/a;n/a;4;yes
10;Sinéad Cahalan;"""Excellent experience""";2019-06-03;Trip Verified;Canada;n/a;Dublin to Lima via Amsterdam;Family Leisure;Business Class;June 2019;5;5;5;5;5;n/a;5;yes
1;S Gan;"""the worst day of my life""";2019-06-03;Trip Verified;Netherlands;n/a;Milan to Amsterdam;Couple Leisure;Economy Class;June 2019;1;1;1;1;1;n/a;1;no
8;J Versteen;"""seats were quite comfortable""";2019-06-02;Trip Verified;Netherlands;Boeing 737-800;Paris to Amsterdam;Couple Leisure;Economy Class;May 2019;4;4;4;3;n/a;n/a;4;yes
1;H Marleen;"""Never again""";2019-06-01;Trip Verified;Netherlands;n/a;Xiamen to Luxembourg via Amsterdam;Solo Leisure;Economy Class;May 2019;1;3;1;1;2;1;1;no
3;Shivani Joshi;"""cant give us good seats""";2019-05-26;Trip Verified;Netherlands;n/a;Amsterdam to Singapore;Couple Leisure;Economy Class;May 2019;2;2;3;1;1;1;1;no
4;Ivana Domic;"""Would not recommend""";2019-05-19;Not Verified;Netherlands;n/a;Luxembourg to Oslo via Amsterdam;Couple Leisure;Economy Class;May 2019;2;3;4;3;1;n/a;2;no
10;R Varjit;"""very pleased with staff""";2019-05-18;Trip Verified;Netherlands;n/a;Delhi to Amsterdam;Business;Economy Class;May 2019;5;5;5;5;5;n/a;5;yes
2;F Larceyes;"""done with KLM and Delta""";2019-05-17;Trip Verified;Netherlands;n/a;Amsterdam to Seattle;Business;Business Class;May 2019;2;4;2;n/a;n/a;n/a;1;no
3;Janice Atlay;"""Shocking customer service""";2019-05-16;Trip Verified;Netherlands;n/a;Manchester to Delhi via Amsterdam;Business;Business Class;May 2019;2;2;3;2;3;1;1;no
7;Hazel Gibbs;"""hot and stuffy during boarding""";2019-05-14;Not Verified;Netherlands;Boeing 737 800;Amsterdam to Oslo;Couple Leisure;Economy Class;May 2019;5;3;4;4;n/a;5;3;yes
1;Michael Hughes;"""They overbook flights""";2019-05-13;Trip Verified;Netherlands;n/a;Amsterdam to London;Solo Leisure;Economy Class;May 2019;1;1;1;n/a;n/a;n/a;1;no
1;N Charlin;"""never fly with KLM again""";2019-05-12;Trip Verified;Germany;n/a;Berlin to Amsterdam;Solo Leisure;Business Class;May 2019;1;3;1;1;n/a;n/a;1;no
9;L Karmitsza;"""Pleasant, nice staff""";2019-05-12;Trip Verified;Germany;n/a;Gdansk to Split via Amsterdam;Solo Leisure;Economy Class;April 2019;5;4;5;4;n/a;n/a;4;yes
1;J Gansen;"""never will fly KLM again""";2019-05-09;Trip Verified;Germany;Boeing 737-300;Helsinki to Amsterdam;Solo Leisure;Business Class;May 2019;1;1;1;1;1;1;1;no
1;P Sallis;"""decade behind competition""";2019-05-09;Trip Verified;Germany;A330;Montreal to Amsterdam;Couple Leisure;Business Class;August 2018;1;1;3;4;1;1;5;no
9;T Henry;"""I was well cared for""";2019-05-08;Trip Verified;Germany;n/a;Rome to Edinburgh via Amsterdam;Couple Leisure;Economy Class;May 2019;5;4;5;4;n/a;n/a;4;yes
7;Dan Grew;"""a below par performance""";2019-05-08;Trip Verified;Germany;Boeing 737-800;Amsterdam to Malaga;Family Leisure;Business Class;April 2019;3;3;3;3;n/a;n/a;4;yes
1;Alistair Shearing;"""Will never fly KLM again""";2019-05-07;Trip Verified;Germany;n/a;Bristol to Prague via Amsterdam;Family Leisure;Economy Class;February 2019;1;4;4;n/a;n/a;n/a;1;no
1;H Knoben;"""customer service of KLM kept silent""";2019-04-30;Trip Verified;Germany;n/a;Bangkok to Amsterdam;Solo Leisure;Economy Class;April 2019;1;1;1;1;1;n/a;1;no
1;Marco van Zoest;"""Unwilling to do anything""";2019-04-30;Trip Verified;Germany;Boeing 737;Amsterdam to Venice;Solo Leisure;Economy Class;April 2019;2;3;3;n/a;n/a;n/a;1;no
8;L Ford;"""I would fly with them again""";2019-04-28;Trip Verified;Germany;Boeing 737;London to Amsterdam;Family Leisure;Economy Class;April 2019;4;4;4;4;n/a;n/a;3;yes
10;E Genis;"""very pleasant flight""";2019-04-27;Trip Verified;Netherlands;Boeing 737-700;Berlin to Amsterdam;Couple Leisure;Economy Class;April 2019;5;5;5;5;n/a;n/a;5;yes
1;Maheen Ahmed;"""appalled by customer service""";2019-04-26;Trip Verified;Netherlands;n/a;London to Rio de Janeiro  via Amsterdam;Couple Leisure;Economy Class;April 2019;1;2;1;2;1;1;1;no
1;D Garnavin;"""never again fly with KLM""";2019-04-25;Trip Verified;Netherlands;n/a;Southampton to Amsterdam;Couple Leisure;Business Class;April 2019;1;1;1;n/a;n/a;n/a;1;no
8;E Genis;"""smooth ground service""";2019-04-24;Trip Verified;Netherlands;Boeing 737-700;Amsterdam to Berlin;Couple Leisure;Economy Class;April 2019;4;4;5;3;n/a;n/a;5;yes
8;Sanchayan Rajeetharan;"""good crew and hospitality""";2019-04-24;Trip Verified;Netherlands;n/a;Amsterdam to Helsinki;Solo Leisure;Economy Class;April 2019;3;5;5;5;1;1;5;yes
5;Xoliswa Khumalo;"""Staff were so obnoxious""";2019-04-22;Trip Verified;Netherlands;n/a;Johannesburg to Manchester via Amsterdam;Family Leisure;Economy Class;April 2019;3;3;3;3;4;4;1;no
4;Thomas Toulemonde;"""Service totally absent""";2019-04-17;Trip Verified;Netherlands;Boeing 737;Paris CDG to Amsterdam;Couple Leisure;Business Class;April 2019;3;1;3;3;1;n/a;1;no
9;E Edwards;"""Great customer service""";2019-04-17;Trip Verified;Netherlands;n/a;Edinburgh to Amsterdam via Helsinki;Solo Leisure;Economy Class;April 2019;5;3;5;4;n/a;n/a;4;yes
8;Hazel Gibbs;"""half an hour late departing""";2019-04-17;Trip Verified;Netherlands;Embraer;Oslo to Amsterdam;Solo Leisure;Economy Class;April 2019;5;4;4;4;n/a;n/a;4;yes
1;H Kim;"""will never fly with them again""";2019-04-16;Trip Verified;Netherlands;n/a;Beijing to Newcastle via Amsterdam;Solo Leisure;Economy Class;January 2019;1;4;4;4;4;n/a;1;no
9;Engelie Beenen;"""Excellent customer service""";2019-04-12;Trip Verified;Netherlands;n/a;Amsterdam to Mumbai;Business;Economy Class;April 2019;4;n/a;n/a;n/a;n/a;n/a;n/a;yes
2;E Mandalesh;"""Will not fly with KLM anymore""";2019-04-09;Trip Verified;Netherlands;n/a;Amsterdam to Montreal;Solo Leisure;Economy Class;April 2019;2;5;5;5;3;n/a;3;no
4;Adrian Suharto;"""no menu for Business class""";2019-04-08;Trip Verified;Netherlands;Boeing 777-300;Singapore to Denpasar;Couple Leisure;Business Class;April 2019;4;3;1;1;4;n/a;4;no
4;Jaap de Korver;"""Next time another airline""";2019-04-07;Trip Verified;Netherlands;Boeing 787;San Jose to Amsterdam;Business;Business Class;March 2019;1;4;4;1;4;n/a;4;no
5;Marcelo Blumenfeld;"""steady decline in quality""";2019-04-04;Not Verified;Netherlands;n/a;Birmingham to Sao Paulo via Amsterdam;Couple Leisure;Economy Class;April 2019;2;3;3;3;3;2;3;no
8;H Malak;"""Overall really nice""";2019-03-29;Trip Verified;Netherlands;n/a;Osaka to Düsseldorf via Amsterdam;Solo Leisure;Economy Class;April 2018;4;5;5;5;3;n/a;5;yes
1;S Geramo;"""no customer service whatsoever""";2019-03-21;Trip Verified;Netherlands;n/a;Dublin to Milan;Couple Leisure;Economy Class;October 2018;1;1;1;n/a;n/a;n/a;1;no
10;James Kidd;"""A fantastic airline""";2019-03-15;Trip Verified;Netherlands;Boeing 737-800;Newcastle to Amsterdam;Family Leisure;Economy Class;March 2019;5;5;5;5;n/a;n/a;5;yes
1;H Marshana;"""no help was provided""";2019-03-13;Trip Verified;Netherlands;n/a;Birmingham to Alicante via Amsterdam;Family Leisure;Economy Class;February 2019;1;1;1;1;1;1;1;no
10;Daniel Hornett;"""lovely couple of flights""";2019-03-09;Trip Verified;Netherlands;Boeing 737-800;Helsinki to Vienna via Amsterdam;Solo Leisure;Economy Class;February 2019;5;4;5;4;2;n/a;5;yes
1;G Bueler;"""searching for the booking option""";2019-03-08;Trip Verified;Austria;n/a;Ljubljana to Malaga via Amsterdam;Solo Leisure;Economy Class;May 2018;1;1;1;n/a;n/a;n/a;1;no
8;Alyssa Rozenwasser;"""definitely fly KLM again""";2019-03-06;Not Verified;Austria;Boeing 737-900 /  B777-300;Tel Aviv to Jakarta via Amsterdam;Family Leisure;Economy Class;February 2019;5;3;4;3;3;n/a;4;yes
9;Tomacita Balanquit;"""service was very impressive""";2019-03-06;Trip Verified;Austria;n/a;Dubai to Birmingham via Amsterdam;Solo Leisure;Economy Class;March 2019;5;4;5;4;4;n/a;4;yes
8;Richard Callis;"""change was done without fuss or charge""";2019-03-05;Trip Verified;Austria;Boeing 737;London Heathrow to Amsterdam;Solo Leisure;Economy Class;February 2019;4;5;5;4;n/a;n/a;5;yes
9;Jasper Rom;"""a very comfortable flight""";2019-03-03;Trip Verified;Austria;Boeing 777-300ER;Tokyo to Amsterdam;Solo Leisure;Business Class;February 2019;4;5;5;4;4;2;5;yes
10;Simon Channon;"""excellent team leader""";2019-03-01;Trip Verified;Austria;Boeing 777/737;Johannesburg to London via Amsterdam;Family Leisure;Business Class;February 2019;5;4;5;5;5;n/a;5;yes
9;H Perlout;"""getting better and better""";2019-03-01;Trip Verified;Austria;Boeing 777-300;Amsterdam to Bangkok;Business;Economy Class;February 2019;4;4;5;4;5;n/a;4;yes
1;Lars Kristiansson;"""airline could not care less""";2019-02-20;Trip Verified;Austria;n/a;Houston to Copenhagen via Amsterdam;Solo Leisure;Economy Class;January 2019;3;2;3;2;2;n/a;2;no
8;Simon Castleman;"""crew friendly and attentive""";2019-02-18;Trip Verified;Austria;Boeing 747-400;Birmingham to Curacao via Amsterdam;Couple Leisure;Business Class;February 2019;3;4;4;4;3;n/a;4;yes
1;Jaimala Wankhede;"""Absolute worst experience""";2019-02-17;Trip Verified;Austria;n/a;Mumbai to Amsterdam;Solo Leisure;Economy Class;February 2019;1;1;1;1;1;1;2;no
8;P Scott;"""quality of meals was very poor""";2019-02-15;Not Verified;United Kingdom;n/a;Humberside to Santiago de Chile via Amsterdam;Couple Leisure;Economy Class;February 2019;4;3;5;1;5;n/a;5;yes
1;J Berger;"""refuses to refund our expenses""";2019-02-11;Trip Verified;United Kingdom;n/a;Munich to Havana via Amsterdam;Couple Leisure;Business Class;December 2018;3;4;4;n/a;4;n/a;1;no
5;C Herviler;"""Service was below average""";2019-02-08;Trip Verified;United Kingdom;Boeing 777-200ER;Guayaquil to Amsterdam;Solo Leisure;Economy Class;January 2019;2;2;2;2;3;n/a;3;no
8;L  Kamutza;"""not the same as it used to be""";2019-02-06;Trip Verified;United Kingdom;Boeing 747;Gdansk to Hong Kong via Amsterdam;Solo Leisure;Economy Class;January 2019;4;4;3;4;3;n/a;5;yes
10;Clive Charles;"""would fly with them again""";2019-02-04;Trip Verified;United Kingdom;n/a;Amsterdam to London;Couple Leisure;Economy Class;January 2019;5;4;5;4;n/a;n/a;5;yes
1;Stephane Merigon;"""staff was very rude""";2019-02-04;Not Verified;United Kingdom;n/a;Amsterdam to London;Couple Leisure;Business Class;February 2019;1;2;1;1;n/a;n/a;1;no
1;R Barivo;"""Never again KLM""";2019-02-03;Trip Verified;United Kingdom;n/a;Durham to Amsterdam;Couple Leisure;Economy Class;February 2019;1;n/a;n/a;n/a;n/a;n/a;1;no
1;T Singh;"""service is nowhere near acceptable""";2019-02-02;Trip Verified;United Kingdom;Boeing 747-400 and Boeing 777-300ER;Toronto to Delhi via Amsterdam;Family Leisure;Economy Class;January 2019;2;1;1;1;1;n/a;2;no
7;Kyle Irwin;"""Service was strange""";2019-02-01;Trip Verified;United Kingdom;Boeing 747-400;Amsterdam to Curacao ;Couple Leisure;Economy Class;January 2019;4;3;3;5;3;n/a;3;yes
8;Chris Walsh;"""an asset to the airline""";2019-01-28;Trip Verified;United Kingdom;Boeing 777;Denpasar to London via Singapore;Couple Leisure;Business Class;January 2019;4;3;5;2;4;n/a;4;yes
1;S Gamok;"""Extremely bad service""";2019-01-24;Trip Verified;United States;n/a;Amsterdam to Washington;Couple Leisure;Economy Class;January 2019;3;2;1;1;3;n/a;1;no
7;Iain Bagwell;"""Overall reasonably happy""";2019-01-16;Not Verified;United States;E175/ Boeing 777;Bristol to Atlanta via Amsterdam;Solo Leisure;Business Class;December 2018;4;3;4;3;3;n/a;4;yes
1;Bas de Weerd;"""I will avoid flying with KLM""";2019-01-16;Trip Verified;United States;n/a;Amsterdam to Cape Town;Family Leisure;Economy Class;November 2018;2;1;3;1;4;n/a;3;no
9;Morten Berg;"""service is not the best""";2019-01-15;Not Verified;United States;Boeing 777-200 ER;Amsterdam to Atlanta;Family Leisure;Economy Class;December 2018;3;4;5;2;3;n/a;5;yes
2;C Marler;"""avoid this airline""";2019-01-13;Trip Verified;United States;n/a;Stockholm to Amsterdam;Couple Leisure;Economy Class;January 2019;1;4;5;5;4;n/a;2;no
3;Alain Youell;"""Plainly dissatisfied""";2019-01-10;Trip Verified;United States;Boeing 787;London to Mumbai via Amsterdam;Solo Leisure;Business Class;December 2018;2;3;4;2;4;n/a;2;no
3;Luis Herrera;"""We will avoid this airline""";2019-01-07;Trip Verified;United States;B747;Jakarta to Atlanta via Amsterdam;Couple Leisure;Economy Class;January 2019;2;3;1;1;2;n/a;4;no
1;C Bodart;"""booking still not in order""";2019-01-07;Not Verified;United States;n/a;Geneva to Vancouver via Amsterdam;Solo Leisure;Economy Class;January 2019;1;n/a;n/a;n/a;n/a;n/a;1;no
1;J Gillams;"""Very bad customer service""";2019-01-06;Trip Verified;United States;Boeing 737-900;Oslo to Amsterdam;Couple Leisure;Economy Class;December 2018;1;1;3;3;n/a;n/a;1;no
9;G Meares;"""It was a great flight""";2019-01-04;Trip Verified;United States;n/a;Amsterdam to Freetown;Solo Leisure;Economy Class;January 2019;4;5;5;4;4;n/a;4;yes
10;S Keizen;"""have three seats to myself""";2019-01-04;Trip Verified;Belgium;n/a;Amsterdam to Bogotá;Solo Leisure;Economy Class;January 2019;5;5;5;5;5;n/a;5;yes
5;S Berston;"""disrespected and offended""";2019-01-03;Trip Verified;Belgium;n/a;Amsterdam to Copenhagen;Solo Leisure;Economy Class;January 2019;3;3;2;1;n/a;n/a;2;no
4;Michele Francis;"""staff were abrupt and unhelpful""";2018-12-31;Not Verified;Belgium;A330;Vancouver to Athens via Amsterdam;Family Leisure;Economy Class;December 2018;3;4;2;5;5;5;4;no
5;Taisier Elsarag;"""express my deepest disappointment""";2018-12-28;Not Verified;Belgium;n/a;Calgary to Khartoum via Amsterdam;Solo Leisure;Economy Class;December 2018;3;4;4;4;4;n/a;4;no
9;Emmanouil Makris;"""I can recommend KLM""";2018-12-28;Trip Verified;Belgium;Boeing 738 / 747-400;Athens to Mexico city via Amsterdam;Family Leisure;Business Class;December 2018;4;5;5;4;4;n/a;5;yes
8;Humble Jackson;"""have to go through so much stress""";2018-12-28;Trip Verified;Belgium;n/a;Atlanta to Lagos via Amsterdam;Business;Business Class;December 2018;1;2;1;2;2;3;1;no
3;C Akaratanom;"""will be the last time""";2018-12-26;Trip Verified;Belgium;n/a;Frankfurt to Amsterdam;Solo Leisure;Economy Class;December 2018;1;1;1;1;1;1;1;no
1;Iryna Otto;"""wouldn't use this airline again""";2018-12-25;Not Verified;Belgium;n/a;Amsterdam to Kiev;Solo Leisure;Economy Class;December 2018;3;3;2;2;2;2;1;no
3;E Barricone;"""bad service and late""";2018-12-20;Trip Verified;Belgium;Boeing 737-800;Amsterdam to Rome;Business;Economy Class;December 2018;1;2;4;3;n/a;n/a;1;no
2;Peter Coxall;"""pledged never to fly KLM again""";2018-12-18;Trip Verified;Belgium;Boeing 787;Norwich to Rio de Janeiro via Amsterdam;Couple Leisure;Economy Class;December 2018;1;3;3;3;4;n/a;2;no
10;Megan De Wet;"""customer service was incredible""";2018-12-13;Not Verified;South Africa;n/a;Cape Town to Amsterdam;Solo Leisure;Economy Class;August 2018;5;5;5;5;5;n/a;5;yes
1;W Simpson;"""Appalling and inexcusable""";2018-12-05;Trip Verified;South Africa;n/a;Los Angeles to Nairobi via Amsterdam;Business;Economy Class;November 2018;1;3;5;3;5;5;1;no
9;G Meares;"""great business class product""";2018-12-04;Trip Verified;South Africa;Boeing 747-400 / A330-200;New York to Sierra Leone via Amsterdam;Business;Business Class;December 2018;4;5;4;4;4;n/a;4;yes
3;S Mordon;"""300€ added to each of tickets""";2018-11-29;Trip Verified;South Africa;n/a;Dublin to Bangkok via Amsterdam;Solo Leisure;Economy Class;August 2018;1;1;5;3;n/a;n/a;1;no
2;Gella Matatov;"""should have been treated better""";2018-11-26;Not Verified;South Africa;n/a;Amsterdam to New York;Couple Leisure;Economy Class;November 2018;1;1;1;1;1;1;1;no
1;Kim Wheeler;"""nobody seemed to know or care""";2018-11-23;Trip Verified;South Africa;n/a;London to Jakarta via Amsterdam;Business;Business Class;November 2018;1;1;2;1;1;1;1;no
3;Guillermo Neumann;"""The food was so bad""";2018-11-20;Not Verified;South Africa;Boeing 747;Amsterdam to Buenos Aires;Solo Leisure;Business Class;April 2018;3;2;5;3;1;1;2;no
6;Fionn MacKillop;"""a bit of a disappointment""";2018-11-19;Trip Verified;South Africa;Boeing 777-300 ER;Buenos Aires to Amsterdam;Solo Leisure;Business Class;November 2018;3;3;4;3;n/a;n/a;4;no
8;Kah Kay Au;"""efficient and friendly""";2018-11-17;Trip Verified;South Africa;Boeing 777-300ER;Amsterdam to Lima;Solo Leisure;Business Class;October 2018;4;4;4;4;3;n/a;4;yes
8;J Tung;"""Seat very comfortable""";2018-11-16;Not Verified;South Africa;Boeing 777-200;Taipei to London City via Amsterdam ;Solo Leisure;Business Class;November 2018;4;4;4;4;4;n/a;4;yes
8;Kah Kay Au;"""the seat was comfortable""";2018-11-14;Trip Verified;Singapore;Boeing 777-300ER;Amsterdam to Singapore;Solo Leisure;Business Class;November 2018;4;4;4;4;3;n/a;4;yes
4;A Danenka;"""as unpleasant as possible""";2018-11-14;Trip Verified;Singapore;n/a;Zurich to Gdansk via Amsterdam;Couple Leisure;Economy Class;August 2018;3;3;5;n/a;n/a;n/a;1;no
1;M Pearson;"""completely disorganized mess""";2018-11-13;Trip Verified;Singapore;n/a;Trondheim to Florence via Amsterdam;Business;Economy Class;August 2018;3;2;3;3;1;1;1;no
9;Kah Kay Au;"""WiFi costly at €10 per 50MB""";2018-11-12;Trip Verified;Singapore;Boeing 787-9;Rio de Janeiro to Amsterdam ;Solo Leisure;Business Class;November 2018;4;4;4;4;3;3;4;yes
1;N Irving;"""do not care about their customer needs""";2018-11-11;Trip Verified;Singapore;n/a;Madrid to Stavanger via Amsterdam;Solo Leisure;Economy Class;November 2018;1;2;3;2;2;1;1;no
1;Devashish Dasa;"""nothing good to say""";2018-11-02;Trip Verified;Singapore;Boeing 787-9;Delhi to Rio de Janeiro via Amsterdam;Couple Leisure;Economy Class;October 2018;1;1;1;1;1;1;1;no
6;H Huurnink;"""Not overly enthusiastic""";2018-10-31;Not Verified;Singapore;Boeing 777-300ER;Denpasar to Amsterdam via Singapore;Couple Leisure;Economy Class;October 2018;3;3;2;2;2;n/a;3;no
10;Stuart Law;"""I would fly again with KLM""";2018-10-30;Not Verified;Singapore;n/a;Manchester to Houston via Amsterdam;Business;Economy Class;October 2018;5;4;4;3;5;4;5;yes
9;J Marbik;"""Crew was very friendly""";2018-10-30;Trip Verified;Singapore;Boeing 777-300 / 737-700;Bangkok to Prague via Amsterdam;Couple Leisure;Economy Class;October 2018;5;5;5;5;5;n/a;5;yes
10;M Galena;"""nothing to complain about""";2018-10-24;Trip Verified;Singapore;Embraer 175;Amsterdam to Southampton;Business;Economy Class;September 2018;4;3;4;4;n/a;n/a;4;yes
9;M Jalena;"""I upgraded to business""";2018-10-24;Trip Verified;United States;Boeing 777-300;New York JFK to Amsterdam;Business;Business Class;September 2018;4;5;4;5;4;n/a;5;yes
1;S Barker;"""don't stand behind stated policies""";2018-10-21;Trip Verified;United States;n/a;San Francisco to Glasgow via Amsterdam;Solo Leisure;Economy Class;September 2018;1;1;1;1;1;1;1;no
8;Kah Kay Au;"""cheerful and efficient""";2018-10-20;Trip Verified;United States;Boeing 777-300ER;Singapore to Amsterdam;Solo Leisure;Business Class;October 2018;4;4;4;4;3;n/a;4;yes
10;E Genis;"""very few passengers on board""";2018-10-15;Trip Verified;United States;Boeing 737-700;Nice to Amsterdam;Couple Leisure;Economy Class;October 2018;5;5;5;5;n/a;n/a;5;yes
10;G Veeren;"""journey was really a pleasant one""";2018-10-09;Trip Verified;United States;Boeing 737-700;Amsterdam to Nice;Couple Leisure;Premium Economy;October 2018;5;5;5;4;n/a;n/a;5;yes
1;Nicholas Ward;"""poor customer service""";2018-10-08;Not Verified;United States;n/a;Humberside to Amsterdam;Business;Economy Class;October 2018;1;3;3;3;3;n/a;1;no
9;S Talino;"""Excellent service onboard""";2018-10-05;Trip Verified;United States;n/a;Amsterdam to Helsinki;Couple Leisure;Economy Class;October 2018;4;4;5;n/a;n/a;n/a;5;yes
10;Muhammad Nabil Ramlee;"""pleased to have flown with KLM""";2018-10-05;Trip Verified;United States;n/a;Abu Dhabi to Amsterdam;Solo Leisure;Economy Class;October 2018;5;4;5;5;5;n/a;5;yes
9;D Faine;"""Thank you wonderful crew""";2018-09-30;Trip Verified;United States;A330;Amsterdam to Montreal;Couple Leisure;Economy Class;September 2018;5;5;5;5;5;5;4;yes
8;Wolfgang Bernhart;"""flight was good""";2018-09-26;Trip Verified;United States;n/a;Amsterdam to Stuttgart;Business;Economy Class;September 2018;4;3;5;3;n/a;n/a;3;yes
2;R Dirvelen;"""the worst customer service""";2018-09-26;Trip Verified;Switzerland;n/a;Amsterdam to Dubai;Solo Leisure;Economy Class;November 2018;1;n/a;n/a;n/a;n/a;n/a;n/a;no
2;N Berler;"""Worst customer service""";2018-09-24;Trip Verified;Switzerland;n/a;Amsterdam to Ibiza;Couple Leisure;Economy Class;September 2018;1;3;3;n/a;n/a;n/a;1;no
9;Lindy Kroese;"""one of the best flights I've had""";2018-09-22;Trip Verified;Switzerland;n/a;Amsterdam to Abu Dhabi ;Family Leisure;Economy Class;September 2018;5;4;5;5;5;4;4;yes
1;Karsten Thygesen;"""I have heard nothing back""";2018-09-19;Trip Verified;Switzerland;n/a;Aalborg to Las Vegas via Amsterdam / Salt Lake City;Business;Economy Class;August 2018;3;3;3;3;3;n/a;1;no
1;Daniel Molloy;"""unable to make my outbound flight""";2018-09-17;Trip Verified;Switzerland;n/a;Medellin to London via Cartagena;Solo Leisure;Economy Class;September 2018;1;n/a;n/a;n/a;n/a;n/a;n/a;no
8;Geoffrey Townsend;"""40 Euro per checked bag fee""";2018-09-12;Trip Verified;Switzerland;Embraer;Southampton to Strasbourg via Amsterdam;Family Leisure;Economy Class;September 2018;4;3;4;4;n/a;n/a;4;yes
3;Michele Caforio;"""experience has really been bad""";2018-09-11;Trip Verified;Switzerland;E190;Milan to Trondheim via Amsterdam;Couple Leisure;Economy Class;August 2018;1;3;4;3;n/a;n/a;1;no
10;Richard Callis;""" Staff are always friendly and efficient""";2018-09-10;Trip Verified;Switzerland;Boeing 737;Barcelona to Newcastle via Amsterdam;Solo Leisure;Economy Class;September 2018;5;5;5;5;n/a;n/a;5;yes
10;A Anderson;"""Very impressed on this short flight""";2018-09-07;Trip Verified;Switzerland;Embraer RJ-190;Leeds to Amsterdam ;Business;Economy Class;June 2018;5;4;5;5;n/a;n/a;4;yes
7;Emirhan Samanci;"""meals wasn't competitive""";2018-09-06;Trip Verified;Switzerland;Boeing 747-400 / 737-700;Los Angeles to Istanbul via Amsterdam;Solo Leisure;Economy Class;September 2018;3;3;4;4;2;n/a;4;yes
1;R Neale;"""most incompetent flight crew""";2018-09-04;Trip Verified;Austria;n/a;Amsterdam to Vienna;Business;Economy Class;September 2018;1;3;1;2;n/a;n/a;1;no
1;L Steensen;"""the worst quality plane""";2018-09-04;Trip Verified;Austria;Fokker 100;Amsterdam to Copenhagen;Business;Economy Class;September 2018;1;1;1;1;1;1;1;no
8;EY Genis;"""Staff were among the best""";2018-09-04;Trip Verified;Austria;Boeing 737-900;Amsterdam to Ibiza;Couple Leisure;Economy Class;August 2018;5;4;5;5;n/a;n/a;5;yes
3;G Huang;"""aircraft was really old""";2018-09-01;Trip Verified;Austria;Boeing 747-400;Amsterdam to Toronto;Solo Leisure;Economy Class;July 2018;1;1;3;3;1;n/a;2;no
10;B Walker;"""love the personable approach""";2018-08-31;Trip Verified;Austria;Boeing 777-300;Amsterdam to Singapore;Family Leisure;Premium Economy;August 2018;4;5;5;5;5;4;5;yes
9;G Meares;"""two very good flights""";2018-08-28;Trip Verified;Austria;Boeing 777-200 / A330;Seoul to Freetown via Amsterdam;Solo Leisure;Business Class;August 2018;4;4;5;4;4;n/a;4;yes
1;R Gemirson;"""wheels broken off my luggage""";2018-08-28;Trip Verified;Austria;n/a;Budapest to Boston via Amsterdam;Business;Economy Class;June 2018;1;4;3;4;3;1;1;no
1;T Serman;"""never fly with them again""";2018-08-26;Trip Verified;Austria;Boeing 777-300;Amsterdam to Singapore;Business;Economy Class;August 2018;1;1;3;1;n/a;n/a;4;no
1;B Vardell;"""Absolutely terrible.""";2018-08-25;Trip Verified;Austria;n/a;Catania to Amsterdam;Family Leisure;Economy Class;August 2018;1;2;1;1;n/a;n/a;2;no
9;P Sumaro;"""comfy way to travel overall""";2018-08-19;Trip Verified;Austria;Boeing 787-9;Amsterdam to Toronto;Couple Leisure;Business Class;August 2018;5;5;5;5;4;1;5;yes
7;P Sumaro;"""Below par short-haul business class""";2018-08-19;Trip Verified;Finland;Boeing 737-900;Helsinki to Amsterdam;Couple Leisure;Business Class;August 2018;4;4;5;2;1;1;5;yes
9;G Meares;"""friendly, outgoing, and attentive""";2018-08-17;Trip Verified;Finland;A330-200 / Boeing 777-200;Freetown to Hong Kong via Amsterdam;Solo Leisure;Business Class;July 2018;5;5;5;4;4;n/a;5;yes
4;Kimberley Fijman;"""I am very disappointed""";2018-08-17;Trip Verified;Finland;Boeing 777-300;Amsterdam to Bangkok;Solo Leisure;Economy Class;August 2018;1;3;1;3;2;n/a;1;no
9;S Marter;KLM Royal Dutch Airlines customer review;2018-08-16;Trip Verified;Finland;n/a;Amsterdam to London;Business;Economy Class;July 2018;5;4;5;4;n/a;n/a;5;yes
10;Tomos Buttress;"""crew were very impressive""";2018-08-16;Trip Verified;Finland;Boeing 777-300ER;Santiago de Chile to Buenos Aires;Couple Leisure;Economy Class;August 2018;5;5;5;5;5;n/a;5;yes
4;Paul Beardshaw;"""sitting in a pile of claims""";2018-08-10;Trip Verified;Finland;n/a;Birmingham to Minneapolis via Amsterdam;Couple Leisure;Economy Class;June 2018;3;3;4;4;3;n/a;1;no
6;Nuno Pereira;"""where is the hot meal?""";2018-08-05;Trip Verified;Finland;E195;Porto to Berlin via Amsterdam;Family Leisure;Economy Class;July 2018;3;3;4;2;1;n/a;3;yes
9;Matthew Haycock;"""I would highly recommend""";2018-08-01;Trip Verified;Finland;Boeing 777-300ER;Singapore to Denpasar;Family Leisure;Business Class;July 2018;4;4;5;4;5;n/a;4;yes
8;Vincent Borlaug;"""on time, very comfortable""";2018-07-28;Trip Verified;Finland;Boeing 777-200ER;Washington to Tallinn via Amsterdam;Solo Leisure;Economy Class;July 2018;4;5;5;2;n/a;n/a;5;yes
7;Aart de Vos;"""Boarding was efficient""";2018-07-26;Trip Verified;Finland;Boeing 737-800;Amsterdam to Lisbon;Couple Leisure;Economy Class;July 2018;3;3;4;3;n/a;n/a;3;yes
10;R Dalkaan;"""would greatly recommend""";2018-07-25;Trip Verified;Netherlands;n/a;Amsterdam to Athens;Family Leisure;Economy Class;July 2018;5;n/a;n/a;n/a;n/a;n/a;5;yes
4;G Manatino;"""deserves better food""";2018-07-24;Trip Verified;Netherlands;Boeing 777;Rome to Calgary via Amsterdam;Family Leisure;Premium Economy;July 2018;2;3;3;1;5;1;4;no
1;T Reesan;"""KLM lost a customer""";2018-07-23;Trip Verified;Netherlands;n/a;Budapest to Amsterdam;Solo Leisure;Premium Economy;July 2018;1;4;2;4;n/a;n/a;1;no
1;B Mousan;""" never booking  KLM/Air France again""";2018-07-21;Trip Verified;Netherlands;n/a;AMS to SYD via CAN;Family Leisure;Economy Class;July 2018;1;1;1;1;1;n/a;1;no
1;T Peel;"""unhelpful and unapologetic""";2018-07-14;Trip Verified;Netherlands;n/a;Genoa to Amsterdam;Solo Leisure;Economy Class;June 2018;1;3;3;3;2;n/a;1;no
1;Susanna Longo;"""worst experiences ever""";2018-07-13;Trip Verified;Netherlands;n/a;Cardiff to Turin via Amsterdam;Business;Economy Class;July 2018;1;3;3;4;n/a;n/a;1;no
10;Jerry Kell;"""Fantastic customer service""";2018-07-11;Trip Verified;Netherlands;n/a;Athens to Durham Tees via Amsterdam;Couple Leisure;Economy Class;July 2018;5;5;5;5;n/a;n/a;5;yes
9;Adel Pour Hakimi;"""very satisfied with this flight""";2018-07-11;Trip Verified;Netherlands;Boeing 737-800;Prague to Amsterdam;Solo Leisure;Economy Class;July 2018;3;5;5;4;n/a;n/a;5;yes
1;W Chakeni;"""a very bad experience""";2018-07-09;Trip Verified;Netherlands;n/a;Nairobi to Washington via Amsterdam;Family Leisure;Economy Class;July 2018;1;1;2;1;1;1;1;no
8;C Edwards;"""Very nice flight""";2018-07-08;Trip Verified;Netherlands;Boeing 777-300;Bangkok to Amsterdam;Family Leisure;Economy Class;July 2018;5;4;5;5;3;1;4;yes
5;Wolfgang Bernhart;"""Good value for money""";2018-07-06;Trip Verified;Germany;n/a;Stuttgart to Amsterdam;Family Leisure;Economy Class;July 2018;4;3;3;1;n/a;n/a;3;yes
6;C Tan;""" ground service at London very poor""";2018-07-05;Trip Verified;Germany;Boeing 737;London to Amsterdam;Solo Leisure;Business Class;July 2018;4;3;5;4;n/a;n/a;3;yes
9;David Houlihan;"""crew were very efficient""";2018-07-02;Not Verified;Germany;Embraer 190;Dublin to Amsterdam;Business;Business Class;June 2018;4;4;5;4;n/a;n/a;5;yes
10;P Rueber;"""the staff is friendly""";2018-06-30;Trip Verified;Germany;n/a;Inverness to Zürich via Amsterdam;Solo Leisure;Economy Class;June 2018;4;4;5;5;n/a;n/a;4;yes
1;G Simpson;"""a 48 hour nightmare""";2018-06-24;Trip Verified;Germany;Boeing 747, Boeing 777 ;Chicago to Cape Town via Amsterdam;Family Leisure;Economy Class;June 2018;1;2;3;1;1;1;1;no
8;J Boeken;"""satisfied with the service""";2018-06-22;Trip Verified;Germany;Boeing 737;Paris to Amsterdam;Solo Leisure;Economy Class;May 2018;5;3;3;n/a;n/a;n/a;5;yes
9;J Boeken;"""Overall a good experience""";2018-06-22;Trip Verified;Germany;Boeing 777;Amsterdam to Incheon;Solo Leisure;Economy Class;June 2018;5;5;4;5;5;n/a;4;yes
1;G Keane;"""does not reward you""";2018-06-18;Trip Verified;Germany;n/a;Bahrain to Cardiff via Amsterdam;Business;Business Class;May 2018;1;3;4;3;n/a;1;2;no
3;Sharon Michael;"""didn't meet the standard size""";2018-06-18;Trip Verified;Germany;n/a;London to Bengaluru via Amsterdam;Solo Leisure;Economy Class;June 2018;2;3;3;1;n/a;1;1;no
1;D Meares;"""rebooked flight also cancelled""";2018-06-08;Trip Verified;Germany;Boeing 737-800;London to Amsterdam;Business;Economy Class;June 2018;1;3;4;n/a;n/a;n/a;1;no
